stage,feature_family,held_out_dataset,n_records,n_subjects,no_experience,experience,subject_equal_auroc,cluster_ci_2.5,cluster_ci_97.5,valid_bootstraps,balanced_accuracy_at_0.5
NREM,PSD (published),DeGenaro_YoungAdults,32,32,14,18,0.4722222222222222,0.26587301587301587,0.6865079365079365,2000,0.4523809523809524
NREM,PSD (published),DeGenearoMA,281,19,92,189,0.3877426792631819,0.3065769866488629,0.4576487271165463,2000,0.5052633651294491
NREM,PSD (published),SiclariMA,231,39,107,124,0.5452367367628835,0.4749138579444391,0.6137567042172754,2000,0.49598549041190765
NREM,PSD (published),Zhang_Wamsley_2019,186,27,47,139,0.5303733916191989,0.39557959444697227,0.6499288847191257,2000,0.5037986255828076
NREM,PSD (published),MACRO_MEAN,730,117,260,470,0.4838937574668716,,,,0.4893571083762792
NREM,Catch22 broadband (published),DeGenaro_YoungAdults,32,32,14,18,0.44047619047619047,0.22916666666666669,0.6590909090909091,2000,0.4722222222222222
NREM,Catch22 broadband (published),DeGenearoMA,281,19,92,189,0.46579502988723526,0.38367611585560324,0.5611665834099747,2000,0.48630653468926505
NREM,Catch22 broadband (published),SiclariMA,231,39,107,124,0.5148135265534852,0.43456346071580093,0.5938085848902471,2000,0.5
NREM,Catch22 broadband (published),Zhang_Wamsley_2019,186,27,47,139,0.4424779394774132,0.33562025653046107,0.5447997305833084,2000,0.5
NREM,Catch22 broadband (published),MACRO_MEAN,730,117,260,470,0.46589067159858105,,,,0.48963218922787183
NREM,Catch22 filtered (adapted),DeGenaro_YoungAdults,32,32,14,18,0.33333333333333337,0.16267953537690377,0.5362635869565217,2000,0.5
NREM,Catch22 filtered (adapted),DeGenearoMA,281,19,92,189,0.44811265627900343,0.3644089245597738,0.5271400961547688,2000,0.48832161690445425
NREM,Catch22 filtered (adapted),SiclariMA,231,39,107,124,0.5390046378281357,0.4692290862200039,0.6053372409887503,2000,0.5
NREM,Catch22 filtered (adapted),Zhang_Wamsley_2019,186,27,47,139,0.45551377933256343,0.35633980027369483,0.5476604210376674,2000,0.49764368873101716
NREM,Catch22 filtered (adapted),MACRO_MEAN,730,117,260,470,0.443991101693259,,,,0.49649132640886784
NREM,Riemannian covariance,DeGenaro_YoungAdults,32,32,14,18,0.5515873015873015,0.3441200657894737,0.7607930459633245,2000,0.5
NREM,Riemannian covariance,DeGenearoMA,281,19,92,189,0.4573879000570485,0.38118637299003555,0.5303533688465365,2000,0.468991310633325
NREM,Riemannian covariance,SiclariMA,231,39,107,124,0.48527265427926924,0.41701362387568136,0.5541741736911662,2000,0.5
NREM,Riemannian covariance,Zhang_Wamsley_2019,186,27,47,139,0.42723397255677736,0.31368439966679806,0.5551708602059927,2000,0.47758954889396255
NREM,Riemannian covariance,MACRO_MEAN,730,117,260,470,0.4803704571200991,,,,0.4866452148818219
NREM,Log-Euclidean domain alignment,DeGenaro_YoungAdults,32,32,14,18,0.5158730158730159,0.3082720588235294,0.7262543377674953,2000,0.5
NREM,Log-Euclidean domain alignment,DeGenearoMA,281,19,92,189,0.4778005629921449,0.40197021253699744,0.5576668025492877,2000,0.4828403782477909
NREM,Log-Euclidean domain alignment,SiclariMA,231,39,107,124,0.5312930014288475,0.4449939722291203,0.6146461371435079,2000,0.5
NREM,Log-Euclidean domain alignment,Zhang_Wamsley_2019,186,27,47,139,0.46267607730718857,0.35118846722633035,0.5776857803534451,2000,0.4907797001163732
NREM,Log-Euclidean domain alignment,MACRO_MEAN,730,117,260,470,0.49691066440029924,,,,0.493405019591041
NREM,Temporal irreversibility,DeGenaro_YoungAdults,32,32,14,18,0.5912698412698413,0.38276599702380953,0.7875,2000,0.5
NREM,Temporal irreversibility,DeGenearoMA,281,19,92,189,0.4990949103504393,0.41636550861181765,0.5893451658975041,2000,0.4895465320014729
NREM,Temporal irreversibility,SiclariMA,231,39,107,124,0.5286802025813896,0.4545649720533978,0.6024241982433302,2000,0.5
NREM,Temporal irreversibility,Zhang_Wamsley_2019,186,27,47,139,0.4968744211014351,0.3977288665243314,0.5877226390593843,2000,0.4689701446224096
NREM,Temporal irreversibility,MACRO_MEAN,730,117,260,470,0.5289798438257763,,,,0.48962916915597066
NREM,Surrogate-normalized irreversibility,DeGenaro_YoungAdults,32,32,14,18,0.6111111111111112,0.3939393939393939,0.8095798319327728,2000,0.5
NREM,Surrogate-normalized irreversibility,DeGenearoMA,281,19,92,189,0.4696035180169231,0.36713314045084483,0.5658661839553759,2000,0.48438863798104004
NREM,Surrogate-normalized irreversibility,SiclariMA,231,39,107,124,0.4524335320971604,0.3680807494317509,0.5387840525194664,2000,0.5
NREM,Surrogate-normalized irreversibility,Zhang_Wamsley_2019,186,27,47,139,0.5155426427211669,0.4491447750880452,0.5805034637277632,2000,0.5054411881791707
NREM,Surrogate-normalized irreversibility,MACRO_MEAN,730,117,260,470,0.5121727009865904,,,,0.4974574565400527
NREM,Geometry + irreversibility,DeGenaro_YoungAdults,32,32,14,18,0.6349206349206349,0.4375,0.8235466452205882,2000,0.5
NREM,Geometry + irreversibility,DeGenearoMA,281,19,92,189,0.4525625593996345,0.3978424974566392,0.519609730675547,2000,0.5082650952551325
NREM,Geometry + irreversibility,SiclariMA,231,39,107,124,0.47647881029971684,0.3947500595425041,0.5554116510533073,2000,0.5
NREM,Geometry + irreversibility,Zhang_Wamsley_2019,186,27,47,139,0.44663526314943314,0.3176758522445536,0.5781782235951635,2000,0.49775895488939625
NREM,Geometry + irreversibility,MACRO_MEAN,730,117,260,470,0.5026493169423548,,,,0.5015060125361321
REM,PSD (published),DeGenaro_YoungAdults,30,30,10,20,0.76,0.5758496026999317,0.9100013227513226,2000,0.5
REM,PSD (published),DeGenearoMA,154,19,29,125,0.6124279308953898,0.5052529914392972,0.7207707867398402,2000,0.5
REM,PSD (published),Zhang_Wamsley_2019,26,20,9,17,0.23466666666666663,0.04504391891891892,0.5233204668688538,2000,0.5
REM,PSD (published),rem_Turku,125,18,3,122,0.37975728656710245,0.09909321542033235,0.7443252698006217,2000,0.5
REM,PSD (published),MACRO_MEAN,335,87,51,284,0.4967129710322897,,,,0.5
REM,Catch22 broadband (published),DeGenaro_YoungAdults,30,30,10,20,0.6900000000000001,0.46579541739724806,0.8846249999999999,2000,0.5
REM,Catch22 broadband (published),DeGenearoMA,154,19,29,125,0.5760449497424095,0.4601530345526823,0.6726161468979501,2000,0.48964476791128153
REM,Catch22 broadband (published),Zhang_Wamsley_2019,26,20,9,17,0.5333333333333333,0.2563873626373626,0.8077020202020202,2000,0.5
REM,Catch22 broadband (published),rem_Turku,125,18,3,122,0.4453843134824732,0.32197394834420184,0.5475177860311102,2000,0.5
REM,Catch22 broadband (published),MACRO_MEAN,335,87,51,284,0.561190649139554,,,,0.49741119197782035
REM,Catch22 filtered (adapted),DeGenaro_YoungAdults,30,30,10,20,0.6699999999999999,0.39994318181818184,0.8973315746753245,2000,0.5
REM,Catch22 filtered (adapted),DeGenearoMA,154,19,29,125,0.4053869662079648,0.2902898388195972,0.5436508648641485,2000,0.5
REM,Catch22 filtered (adapted),Zhang_Wamsley_2019,26,20,9,17,0.56,0.3131696428571429,0.8033354700854701,2000,0.5
REM,Catch22 filtered (adapted),rem_Turku,125,18,3,122,0.1824622503150111,0.06713523565636248,0.2981111012455231,2000,0.5
REM,Catch22 filtered (adapted),MACRO_MEAN,335,87,51,284,0.45446230413074395,,,,0.5
REM,Riemannian covariance,DeGenaro_YoungAdults,30,30,10,20,0.575,0.3517512077294686,0.7847874245852182,2000,0.5
REM,Riemannian covariance,DeGenearoMA,154,19,29,125,0.47192842856418793,0.35807943357985794,0.5669488601312836,2000,0.5
REM,Riemannian covariance,Zhang_Wamsley_2019,26,20,9,17,0.5146666666666667,0.29120879120879123,0.7621571291560102,2000,0.5
REM,Riemannian covariance,rem_Turku,125,18,3,122,0.5289615996364465,0.26809988720200023,0.7260585729051492,2000,0.5
REM,Riemannian covariance,MACRO_MEAN,335,87,51,284,0.5226391737168253,,,,0.5
REM,Log-Euclidean domain alignment,DeGenaro_YoungAdults,30,30,10,20,0.63,0.41203022875816986,0.8352460618085616,2000,0.5
REM,Log-Euclidean domain alignment,DeGenearoMA,154,19,29,125,0.4678259238583172,0.32987834216505485,0.5804547207056263,2000,0.5
REM,Log-Euclidean domain alignment,Zhang_Wamsley_2019,26,20,9,17,0.6373333333333334,0.3939374564054871,0.8672058935216829,2000,0.5
REM,Log-Euclidean domain alignment,rem_Turku,125,18,3,122,0.5258804817087028,0.2972383714524945,0.8171797451374918,2000,0.5
REM,Log-Euclidean domain alignment,MACRO_MEAN,335,87,51,284,0.5652599347250884,,,,0.5
REM,Temporal irreversibility,DeGenaro_YoungAdults,30,30,10,20,0.7250000000000001,0.49993386243386245,0.9101276742581086,2000,0.5
REM,Temporal irreversibility,DeGenearoMA,154,19,29,125,0.4204254149385266,0.3146665811463748,0.5355403604173278,2000,0.5
REM,Temporal irreversibility,Zhang_Wamsley_2019,26,20,9,17,0.5680000000000001,0.27969426406926406,0.86,2000,0.5
REM,Temporal irreversibility,rem_Turku,125,18,3,122,0.6417557993018118,0.36349598469163663,0.8744631868660162,2000,0.5
REM,Temporal irreversibility,MACRO_MEAN,335,87,51,284,0.5887953035600846,,,,0.5
REM,Surrogate-normalized irreversibility,DeGenaro_YoungAdults,30,30,10,20,0.48500000000000004,0.22360248447204972,0.7368421052631579,2000,0.5
REM,Surrogate-normalized irreversibility,DeGenearoMA,154,19,29,125,0.4828718003283302,0.3584055158511747,0.6021763804417227,2000,0.5
REM,Surrogate-normalized irreversibility,Zhang_Wamsley_2019,26,20,9,17,0.6000000000000001,0.3233308080808081,0.8510239109848485,2000,0.5
REM,Surrogate-normalized irreversibility,rem_Turku,125,18,3,122,0.2861738034744171,0.053112173038229356,0.49306772360703843,2000,0.5
REM,Surrogate-normalized irreversibility,MACRO_MEAN,335,87,51,284,0.4635114009506869,,,,0.5
REM,Geometry + irreversibility,DeGenaro_YoungAdults,30,30,10,20,0.5349999999999999,0.30000000000000004,0.78,2000,0.5
REM,Geometry + irreversibility,DeGenearoMA,154,19,29,125,0.4269823189084363,0.3066649168098742,0.5333088591775016,2000,0.5
REM,Geometry + irreversibility,Zhang_Wamsley_2019,26,20,9,17,0.48000000000000004,0.23075000000000007,0.7637605042016806,2000,0.5
REM,Geometry + irreversibility,rem_Turku,125,18,3,122,0.7519439796740413,0.4129606028794642,0.9964717741935484,2000,0.5
REM,Geometry + irreversibility,MACRO_MEAN,335,87,51,284,0.5484815746456193,,,,0.5
